section,family,category,variant,query,preferred,acceptable,seen_training_text,no_branches,no_branches.sparse,no_branches.dense,no_branches.base_route,zipf_input_nocorpus,zipf_input_nocorpus.sparse,zipf_input_nocorpus.dense,zipf_input_nocorpus.base_route,no_branches.accepted,zipf_input_nocorpus.accepted
fresh,tides,concept,0,why does the ocean have tides,dense_only,['dense_only'],False,dense_only,0.23230758,0.7285667,dense_only,sparse_only,0.30793333,0.71916413,sparse_only,True,False
fresh,tides,concept,1,What causes the sea level to rise and fall each day?,dense_only,['dense_only'],False,dense_only,0.31294855,0.5918013,dense_only,sparse_only,0.33947125,0.6216754,sparse_only,True,False
fresh,tides,concept,2,Explain why ocean tides happen,dense_only,['dense_only'],False,sparse_only,0.37413794,0.56570697,sparse_only,sparse_only,0.4418718,0.60218984,sparse_only,False,False
format,tides,concept,padding,   why does the ocean have tides   ,dense_only,['dense_only'],False,dense_only,0.23230758,0.7285667,dense_only,sparse_only,0.30793333,0.71916413,sparse_only,True,False
format,tides,concept,spacing,why  does  the  ocean  have  tides,dense_only,['dense_only'],False,dense_only,0.23230758,0.7285667,dense_only,sparse_only,0.30793333,0.71916413,sparse_only,True,False
format,tides,concept,upper,WHY DOES THE OCEAN HAVE TIDES,dense_only,['dense_only'],False,dense_only,0.23230758,0.7285667,dense_only,sparse_only,0.30793333,0.71916413,sparse_only,True,False
format,tides,concept,lower,why does the ocean have tides,dense_only,['dense_only'],False,dense_only,0.23230758,0.7285667,dense_only,sparse_only,0.30793333,0.71916413,sparse_only,True,False
fresh,sleep,concept,0,why do we need sleep,dense_only,['dense_only'],False,dense_only,0.1860924,0.7796765,dense_only,dense_only,0.16819637,0.7723808,dense_only,True,True
fresh,sleep,concept,1,What purpose does sleeping serve?,dense_only,['dense_only'],False,dense_only,0.27265343,0.66475135,dense_only,dense_only,0.24966612,0.70305526,dense_only,True,True
fresh,sleep,concept,2,Explain why people need to sleep,dense_only,['dense_only'],False,dense_only,0.26683205,0.6215583,dense_only,dense_only,0.22365318,0.70526093,dense_only,True,True
format,sleep,concept,padding,   why do we need sleep   ,dense_only,['dense_only'],False,dense_only,0.1860924,0.7796765,dense_only,dense_only,0.16819637,0.7723808,dense_only,True,True
format,sleep,concept,spacing,why  do  we  need  sleep,dense_only,['dense_only'],False,dense_only,0.1860924,0.7796765,dense_only,dense_only,0.16819637,0.7723808,dense_only,True,True
format,sleep,concept,upper,WHY DO WE NEED SLEEP,dense_only,['dense_only'],False,dense_only,0.1860924,0.7796765,dense_only,dense_only,0.16819637,0.7723808,dense_only,True,True
format,sleep,concept,lower,why do we need sleep,dense_only,['dense_only'],False,dense_only,0.1860924,0.7796765,dense_only,dense_only,0.16819637,0.7723808,dense_only,True,True
fresh,rainbow,concept,0,how do rainbows form,dense_only,['dense_only'],False,sparse_only,0.506541,0.63786554,sparse_only,sparse_only,0.34011734,0.649922,sparse_only,False,False
fresh,rainbow,concept,1,Why does a rainbow appear after rain?,dense_only,['dense_only'],False,sparse_only,0.39742604,0.673738,sparse_only,sparse_only,0.33790365,0.6782085,sparse_only,False,False
fresh,rainbow,concept,2,Explain how sunlight and rain produce a rainbow,dense_only,['dense_only'],False,sparse_only,0.5807843,0.48952717,sparse_only,sparse_only,0.38050586,0.5755491,sparse_only,False,False
format,rainbow,concept,padding,   how do rainbows form   ,dense_only,['dense_only'],False,sparse_only,0.506541,0.63786554,sparse_only,sparse_only,0.34011734,0.649922,sparse_only,False,False
format,rainbow,concept,spacing,how  do  rainbows  form,dense_only,['dense_only'],False,sparse_only,0.506541,0.63786554,sparse_only,sparse_only,0.34011734,0.649922,sparse_only,False,False
format,rainbow,concept,upper,HOW DO RAINBOWS FORM,dense_only,['dense_only'],False,sparse_only,0.506541,0.63786554,sparse_only,sparse_only,0.34011734,0.649922,sparse_only,False,False
format,rainbow,concept,lower,how do rainbows form,dense_only,['dense_only'],False,sparse_only,0.506541,0.63786554,sparse_only,sparse_only,0.34011734,0.649922,sparse_only,False,False
fresh,memory,concept,0,why do some memories fade,dense_only,['dense_only'],False,sparse_only,0.38108283,0.53356016,sparse_only,sparse_only,0.3508446,0.5848069,sparse_only,False,False
fresh,memory,concept,1,What makes people forget things over time?,dense_only,['dense_only'],False,dense_only,0.20808354,0.6520836,dense_only,dense_only,0.23270832,0.64220417,dense_only,True,True
fresh,memory,concept,2,Explain why memories become less clear with time,dense_only,['dense_only'],False,sparse_only,0.3925306,0.5757578,sparse_only,sparse_only,0.3646326,0.5923023,sparse_only,False,False
format,memory,concept,padding,   why do some memories fade   ,dense_only,['dense_only'],False,sparse_only,0.38108283,0.53356016,sparse_only,sparse_only,0.3508446,0.5848069,sparse_only,False,False
format,memory,concept,spacing,why  do  some  memories  fade,dense_only,['dense_only'],False,sparse_only,0.38108283,0.53356016,sparse_only,sparse_only,0.3508446,0.5848069,sparse_only,False,False
format,memory,concept,upper,WHY DO SOME MEMORIES FADE,dense_only,['dense_only'],False,sparse_only,0.38108283,0.53356016,sparse_only,sparse_only,0.3508446,0.5848069,sparse_only,False,False
format,memory,concept,lower,why do some memories fade,dense_only,['dense_only'],False,sparse_only,0.38108283,0.53356016,sparse_only,sparse_only,0.3508446,0.5848069,sparse_only,False,False
fresh,seasons,concept,0,what causes the seasons,dense_only,['dense_only'],False,dense_only,0.25117412,0.6390891,dense_only,sparse_only,0.3166497,0.6109901,sparse_only,True,False
fresh,seasons,concept,1,Why does the weather change from summer to winter?,dense_only,['dense_only'],False,dense_only,0.22713271,0.7263905,dense_only,dense_only,0.2719636,0.68297285,dense_only,True,True
fresh,seasons,concept,2,Explain why we have different seasons each year,dense_only,['dense_only'],False,dense_only,0.25684988,0.6870058,dense_only,dense_only,0.24409452,0.72952944,dense_only,True,True
format,seasons,concept,padding,   what causes the seasons   ,dense_only,['dense_only'],False,dense_only,0.25117412,0.6390891,dense_only,sparse_only,0.3166497,0.6109901,sparse_only,True,False
format,seasons,concept,spacing,what  causes  the  seasons,dense_only,['dense_only'],False,dense_only,0.25117412,0.6390891,dense_only,sparse_only,0.3166497,0.6109901,sparse_only,True,False
format,seasons,concept,upper,WHAT CAUSES THE SEASONS,dense_only,['dense_only'],False,dense_only,0.25117412,0.6390891,dense_only,sparse_only,0.3166497,0.6109901,sparse_only,True,False
format,seasons,concept,lower,what causes the seasons,dense_only,['dense_only'],False,dense_only,0.25117412,0.6390891,dense_only,sparse_only,0.3166497,0.6109901,sparse_only,True,False
fresh,bread,concept,0,why does bread rise,dense_only,['dense_only'],False,dense_only,0.2281914,0.8469741,dense_only,dense_only,0.22207372,0.84896606,dense_only,True,True
fresh,bread,concept,1,What makes bread dough expand?,dense_only,['dense_only'],False,sparse_only,0.36951727,0.5154832,sparse_only,dense_only,0.25850564,0.73960054,dense_only,False,True
fresh,bread,concept,2,Explain why dough gets bigger when making bread,dense_only,['dense_only'],False,dense_only,0.2896493,0.79354113,dense_only,dense_only,0.2611446,0.83355325,dense_only,True,True
format,bread,concept,padding,   why does bread rise   ,dense_only,['dense_only'],False,dense_only,0.2281914,0.8469741,dense_only,dense_only,0.22207372,0.84896606,dense_only,True,True
format,bread,concept,spacing,why  does  bread  rise,dense_only,['dense_only'],False,dense_only,0.2281914,0.8469741,dense_only,dense_only,0.22207372,0.84896606,dense_only,True,True
format,bread,concept,upper,WHY DOES BREAD RISE,dense_only,['dense_only'],False,dense_only,0.2281914,0.8469741,dense_only,dense_only,0.22207372,0.84896606,dense_only,True,True
format,bread,concept,lower,why does bread rise,dense_only,['dense_only'],False,dense_only,0.2281914,0.8469741,dense_only,dense_only,0.22207372,0.84896606,dense_only,True,True
fresh,trust,concept,0,how can trust be rebuilt after a disagreement,dense_only,['dense_only'],False,sparse_only,0.3550537,0.7419667,sparse_only,sparse_only,0.36176735,0.6949982,sparse_only,False,False
fresh,trust,concept,1,What helps people trust each other again after a conflict?,dense_only,['dense_only'],False,dense_only,0.2846857,0.7508828,dense_only,dense_only,0.27294916,0.7176025,dense_only,True,True
fresh,trust,concept,2,How do you restore trust following an argument?,dense_only,['dense_only'],False,dense_only,0.33895415,0.7234155,dense_only,sparse_only,0.3348467,0.64905393,sparse_only,True,False
format,trust,concept,padding,   how can trust be rebuilt after a disagreement   ,dense_only,['dense_only'],False,sparse_only,0.3550537,0.7419667,sparse_only,sparse_only,0.36176735,0.6949982,sparse_only,False,False
format,trust,concept,spacing,how  can  trust  be  rebuilt  after  a  disagreement,dense_only,['dense_only'],False,sparse_only,0.3550537,0.7419667,sparse_only,sparse_only,0.36176735,0.6949982,sparse_only,False,False
format,trust,concept,upper,HOW CAN TRUST BE REBUILT AFTER A DISAGREEMENT,dense_only,['dense_only'],False,sparse_only,0.3550537,0.7419667,sparse_only,sparse_only,0.36176735,0.6949982,sparse_only,False,False
format,trust,concept,lower,how can trust be rebuilt after a disagreement,dense_only,['dense_only'],False,sparse_only,0.3550537,0.7419667,sparse_only,sparse_only,0.36176735,0.6949982,sparse_only,False,False
fresh,motivation,concept,0,why is it difficult to change old habits,dense_only,['dense_only'],False,dense_only,0.21577653,0.74139905,dense_only,dense_only,0.27146825,0.6762258,dense_only,True,True
fresh,motivation,concept,1,What makes established habits hard to break?,dense_only,['dense_only'],False,dense_only,0.26710322,0.62196225,dense_only,sparse_only,0.3250772,0.5891686,sparse_only,True,False
fresh,motivation,concept,2,Explain why changing a habit takes effort,dense_only,['dense_only'],False,dense_only,0.2955475,0.6805412,dense_only,sparse_only,0.31929663,0.6622594,sparse_only,True,False
format,motivation,concept,padding,   why is it difficult to change old habits   ,dense_only,['dense_only'],False,dense_only,0.21577653,0.74139905,dense_only,dense_only,0.27146825,0.6762258,dense_only,True,True
format,motivation,concept,spacing,why  is  it  difficult  to  change  old  habits,dense_only,['dense_only'],False,dense_only,0.21577653,0.74139905,dense_only,dense_only,0.27146825,0.6762258,dense_only,True,True
format,motivation,concept,upper,WHY IS IT DIFFICULT TO CHANGE OLD HABITS,dense_only,['dense_only'],False,dense_only,0.21577653,0.74139905,dense_only,dense_only,0.27146825,0.6762258,dense_only,True,True
format,motivation,concept,lower,why is it difficult to change old habits,dense_only,['dense_only'],False,dense_only,0.21577653,0.74139905,dense_only,dense_only,0.27146825,0.6762258,dense_only,True,True
fresh,inflation,concept,0,how does inflation reduce purchasing power,dense_only,['dense_only'],False,sparse_only,0.41441137,0.62193173,sparse_only,sparse_only,0.32921317,0.6470603,sparse_only,False,False
fresh,inflation,concept,1,Why can the same money buy less when prices rise?,dense_only,['dense_only'],False,dense_only,0.2507059,0.78798294,dense_only,sparse_only,0.31185618,0.740489,sparse_only,True,False
fresh,inflation,concept,2,Explain how rising prices affect what people can afford,dense_only,['dense_only'],False,dense_only,0.24787864,0.6808791,dense_only,dense_only,0.24476312,0.6768793,dense_only,True,True
format,inflation,concept,padding,   how does inflation reduce purchasing power   ,dense_only,['dense_only'],False,sparse_only,0.41441137,0.62193173,sparse_only,sparse_only,0.32921317,0.6470603,sparse_only,False,False
format,inflation,concept,spacing,how  does  inflation  reduce  purchasing  power,dense_only,['dense_only'],False,sparse_only,0.41441137,0.62193173,sparse_only,sparse_only,0.32921317,0.6470603,sparse_only,False,False
format,inflation,concept,upper,HOW DOES INFLATION REDUCE PURCHASING POWER,dense_only,['dense_only'],False,sparse_only,0.41441137,0.62193173,sparse_only,sparse_only,0.32921317,0.6470603,sparse_only,False,False
format,inflation,concept,lower,how does inflation reduce purchasing power,dense_only,['dense_only'],False,sparse_only,0.41441137,0.62193173,sparse_only,sparse_only,0.32921317,0.6470603,sparse_only,False,False
fresh,birds,concept,0,why do birds migrate,dense_only,['dense_only'],False,dense_only,0.2802926,0.77277935,dense_only,sparse_only,0.30306467,0.73068744,sparse_only,True,False
fresh,birds,concept,1,What makes birds travel to warmer places each year?,dense_only,['dense_only'],False,sparse_only,0.37760624,0.48456466,sparse_only,dense_only,0.29595432,0.6275975,dense_only,False,True
fresh,birds,concept,2,Explain why some birds move between regions with the seasons,dense_only,['dense_only'],False,pure_rrf,0.45865333,0.48932147,sparse_only,sparse_only,0.37101972,0.5795023,sparse_only,False,False
format,birds,concept,padding,   why do birds migrate   ,dense_only,['dense_only'],False,dense_only,0.2802926,0.77277935,dense_only,sparse_only,0.30306467,0.73068744,sparse_only,True,False
format,birds,concept,spacing,why  do  birds  migrate,dense_only,['dense_only'],False,dense_only,0.2802926,0.77277935,dense_only,sparse_only,0.30306467,0.73068744,sparse_only,True,False
format,birds,concept,upper,WHY DO BIRDS MIGRATE,dense_only,['dense_only'],False,dense_only,0.2802926,0.77277935,dense_only,sparse_only,0.30306467,0.73068744,sparse_only,True,False
format,birds,concept,lower,why do birds migrate,dense_only,['dense_only'],False,dense_only,0.2802926,0.77277935,dense_only,sparse_only,0.30306467,0.73068744,sparse_only,True,False
fresh,learning,concept,0,why does practice improve a skill,dense_only,['dense_only'],False,dense_only,0.26764908,0.77718884,dense_only,dense_only,0.29165253,0.71869165,dense_only,True,True
fresh,learning,concept,1,How does repeating an activity help you get better at it?,dense_only,['dense_only'],False,sparse_only,0.38027397,0.7856927,sparse_only,dense_only,0.2694534,0.7311315,dense_only,False,True
fresh,learning,concept,2,Explain how practice helps people learn a skill,dense_only,['dense_only'],False,dense_only,0.298821,0.6763435,dense_only,dense_only,0.2989707,0.6609372,dense_only,True,True
format,learning,concept,padding,   why does practice improve a skill   ,dense_only,['dense_only'],False,dense_only,0.26764908,0.77718884,dense_only,dense_only,0.29165253,0.71869165,dense_only,True,True
format,learning,concept,spacing,why  does  practice  improve  a  skill,dense_only,['dense_only'],False,dense_only,0.26764908,0.77718884,dense_only,dense_only,0.29165253,0.71869165,dense_only,True,True
format,learning,concept,upper,WHY DOES PRACTICE IMPROVE A SKILL,dense_only,['dense_only'],False,dense_only,0.26764908,0.77718884,dense_only,dense_only,0.29165253,0.71869165,dense_only,True,True
format,learning,concept,lower,why does practice improve a skill,dense_only,['dense_only'],False,dense_only,0.26764908,0.77718884,dense_only,dense_only,0.29165253,0.71869165,dense_only,True,True
fresh,teams,concept,0,how does good communication improve teamwork,dense_only,['dense_only'],False,dense_only,0.3476341,0.8109638,dense_only,sparse_only,0.34486482,0.7276019,sparse_only,True,False
fresh,teams,concept,1,Why do teams work better when people communicate clearly?,dense_only,['dense_only'],False,sparse_only,0.35327482,0.7695528,sparse_only,sparse_only,0.30047262,0.73350465,sparse_only,False,False
fresh,teams,concept,2,Explain how clear communication helps a team cooperate,dense_only,['dense_only'],False,sparse_only,0.3858197,0.80586666,sparse_only,sparse_only,0.45303217,0.6928839,sparse_only,False,False
format,teams,concept,padding,   how does good communication improve teamwork   ,dense_only,['dense_only'],False,dense_only,0.3476341,0.8109638,dense_only,sparse_only,0.34486482,0.7276019,sparse_only,True,False
format,teams,concept,spacing,how  does  good  communication  improve  teamwork,dense_only,['dense_only'],False,dense_only,0.3476341,0.8109638,dense_only,sparse_only,0.34486482,0.7276019,sparse_only,True,False
format,teams,concept,upper,HOW DOES GOOD COMMUNICATION IMPROVE TEAMWORK,dense_only,['dense_only'],False,dense_only,0.3476341,0.8109638,dense_only,sparse_only,0.34486482,0.7276019,sparse_only,True,False
format,teams,concept,lower,how does good communication improve teamwork,dense_only,['dense_only'],False,dense_only,0.3476341,0.8109638,dense_only,sparse_only,0.34486482,0.7276019,sparse_only,True,False
fresh,cve,exact_lookup,0,CVE-2023-34362,sparse_only,"['sparse_only', 'pure_rrf']",False,sparse_only,0.35057348,0.67973673,sparse_only,pure_rrf,0.48600087,0.46714377,sparse_only,True,True
fresh,cve,exact_lookup,1,Find the record for CVE-2023-34362,sparse_only,"['sparse_only', 'pure_rrf']",False,sparse_only,0.3816692,0.68006843,sparse_only,pure_rrf,0.48120123,0.54333377,sparse_only,True,True
fresh,cve,exact_lookup,2,Look up vulnerability CVE-2023-34362,sparse_only,"['sparse_only', 'pure_rrf']",False,dense_only,0.29841885,0.6634869,dense_only,pure_rrf,0.44017,0.5066076,sparse_only,False,True
format,cve,exact_lookup,padding,   CVE-2023-34362   ,sparse_only,"['sparse_only', 'pure_rrf']",False,sparse_only,0.35057366,0.6797366,sparse_only,pure_rrf,0.48600087,0.4671438,sparse_only,True,True
format,cve,exact_lookup,spacing,CVE-2023-34362,sparse_only,"['sparse_only', 'pure_rrf']",False,sparse_only,0.35057348,0.67973673,sparse_only,pure_rrf,0.48600087,0.46714377,sparse_only,True,True
format,cve,exact_lookup,upper,CVE-2023-34362,sparse_only,"['sparse_only', 'pure_rrf']",False,sparse_only,0.35057348,0.67973673,sparse_only,pure_rrf,0.48600087,0.46714377,sparse_only,True,True
format,cve,exact_lookup,lower,cve-2023-34362,sparse_only,"['sparse_only', 'pure_rrf']",False,sparse_only,0.35057348,0.67973673,sparse_only,pure_rrf,0.48600087,0.46714377,sparse_only,True,True
fresh,doi,exact_lookup,0,doi:10.1038/s41586-023-06291-2,sparse_only,['sparse_only'],False,sparse_only,0.5798073,0.4716837,sparse_only,sparse_only,0.5556766,0.4699312,sparse_only,True,True
fresh,doi,exact_lookup,1,Find the paper with DOI 10.1038/s41586-023-06291-2,sparse_only,['sparse_only'],False,sparse_only,0.5451206,0.4655831,sparse_only,sparse_only,0.6237728,0.33688244,sparse_only,True,True
fresh,doi,exact_lookup,2,Look up doi:10.1038/s41586-023-06291-2,sparse_only,['sparse_only'],False,dense_only,0.34229067,0.51616323,dense_only,sparse_only,0.5373648,0.4348907,sparse_only,False,True
format,doi,exact_lookup,padding,   doi:10.1038/s41586-023-06291-2   ,sparse_only,['sparse_only'],False,sparse_only,0.5798073,0.4716837,sparse_only,sparse_only,0.5556766,0.4699312,sparse_only,True,True
format,doi,exact_lookup,spacing,doi:10.1038/s41586-023-06291-2,sparse_only,['sparse_only'],False,sparse_only,0.5798073,0.4716837,sparse_only,sparse_only,0.5556766,0.4699312,sparse_only,True,True
format,doi,exact_lookup,upper,DOI:10.1038/S41586-023-06291-2,sparse_only,['sparse_only'],False,sparse_only,0.5798073,0.4716837,sparse_only,sparse_only,0.5556766,0.4699312,sparse_only,True,True
format,doi,exact_lookup,lower,doi:10.1038/s41586-023-06291-2,sparse_only,['sparse_only'],False,sparse_only,0.5798073,0.4716837,sparse_only,sparse_only,0.5556766,0.4699312,sparse_only,True,True
fresh,isbn,exact_lookup,0,ISBN 9780131103627,sparse_only,['sparse_only'],False,sparse_only,0.47818825,0.55234337,sparse_only,pure_rrf,0.6538356,0.61399853,sparse_only,True,False
fresh,isbn,exact_lookup,1,Find the book with ISBN 9780131103627,sparse_only,['sparse_only'],False,sparse_only,0.6560272,0.48314884,sparse_only,sparse_only,0.63066494,0.45389247,sparse_only,True,True
fresh,isbn,exact_lookup,2,Look up ISBN 9780131103627,sparse_only,['sparse_only'],False,dense_only,0.30891043,0.64716494,dense_only,pure_rrf,0.5763059,0.6192295,sparse_only,False,False
format,isbn,exact_lookup,padding,   ISBN 9780131103627   ,sparse_only,['sparse_only'],False,sparse_only,0.47818825,0.55234337,sparse_only,pure_rrf,0.6538356,0.61399853,sparse_only,True,False
format,isbn,exact_lookup,spacing,ISBN  9780131103627,sparse_only,['sparse_only'],False,sparse_only,0.47818825,0.55234337,sparse_only,pure_rrf,0.6538356,0.61399853,sparse_only,True,False
format,isbn,exact_lookup,upper,ISBN 9780131103627,sparse_only,['sparse_only'],False,sparse_only,0.47818825,0.55234337,sparse_only,pure_rrf,0.6538356,0.61399853,sparse_only,True,False
format,isbn,exact_lookup,lower,isbn 9780131103627,sparse_only,['sparse_only'],False,sparse_only,0.47818825,0.55234337,sparse_only,pure_rrf,0.6538356,0.61399853,sparse_only,True,False
fresh,uuid,exact_lookup,0,550e8400-e29b-41d4-a716-446655440000,sparse_only,['sparse_only'],False,sparse_only,0.47644934,0.40361416,sparse_only,sparse_only,0.5202009,0.42040372,sparse_only,True,True
fresh,uuid,exact_lookup,1,Find record 550e8400-e29b-41d4-a716-446655440000,sparse_only,['sparse_only'],False,sparse_only,0.57438725,0.39389986,sparse_only,sparse_only,0.7116841,0.44854763,sparse_only,True,True
fresh,uuid,exact_lookup,2,Look up the record with ID 550e8400-e29b-41d4-a716-446655440000,sparse_only,['sparse_only'],False,sparse_only,0.64704,0.3302786,sparse_only,sparse_only,0.7413783,0.31845832,sparse_only,True,True
format,uuid,exact_lookup,padding,   550e8400-e29b-41d4-a716-446655440000   ,sparse_only,['sparse_only'],False,sparse_only,0.47644934,0.40361416,sparse_only,sparse_only,0.5202009,0.42040372,sparse_only,True,True
format,uuid,exact_lookup,spacing,550e8400-e29b-41d4-a716-446655440000,sparse_only,['sparse_only'],False,sparse_only,0.47644934,0.40361416,sparse_only,sparse_only,0.5202009,0.42040372,sparse_only,True,True
format,uuid,exact_lookup,upper,550E8400-E29B-41D4-A716-446655440000,sparse_only,['sparse_only'],False,sparse_only,0.47644934,0.40361416,sparse_only,sparse_only,0.5202009,0.42040372,sparse_only,True,True
format,uuid,exact_lookup,lower,550e8400-e29b-41d4-a716-446655440000,sparse_only,['sparse_only'],False,sparse_only,0.47644934,0.40361416,sparse_only,sparse_only,0.5202009,0.42040372,sparse_only,True,True
fresh,url,exact_lookup,0,https://docs.python.org/3/library/asyncio.html,sparse_only,['sparse_only'],False,sparse_only,0.5253667,0.45030522,sparse_only,sparse_only,0.42493954,0.62147725,sparse_only,True,True
fresh,url,exact_lookup,1,Find https://docs.python.org/3/library/asyncio.html,sparse_only,['sparse_only'],False,sparse_only,0.5336175,0.44770738,sparse_only,sparse_only,0.4229287,0.62482166,sparse_only,True,True
fresh,url,exact_lookup,2,Find the page at https://docs.python.org/3/library/asyncio.html,sparse_only,['sparse_only'],False,sparse_only,0.38316503,0.53016275,sparse_only,sparse_only,0.40369767,0.63618135,sparse_only,True,True
format,url,exact_lookup,padding,   https://docs.python.org/3/library/asyncio.html   ,sparse_only,['sparse_only'],False,sparse_only,0.5253667,0.45030522,sparse_only,sparse_only,0.42493954,0.62147725,sparse_only,True,True
format,url,exact_lookup,spacing,https://docs.python.org/3/library/asyncio.html,sparse_only,['sparse_only'],False,sparse_only,0.5253667,0.45030522,sparse_only,sparse_only,0.42493954,0.62147725,sparse_only,True,True
format,url,exact_lookup,upper,HTTPS://DOCS.PYTHON.ORG/3/LIBRARY/ASYNCIO.HTML,sparse_only,['sparse_only'],False,sparse_only,0.5253667,0.45030522,sparse_only,sparse_only,0.42493954,0.62147725,sparse_only,True,True
format,url,exact_lookup,lower,https://docs.python.org/3/library/asyncio.html,sparse_only,['sparse_only'],False,sparse_only,0.5253667,0.45030522,sparse_only,sparse_only,0.42493954,0.62147725,sparse_only,True,True
fresh,invoice,exact_lookup,0,invoice INV-2026-048291,sparse_only,['sparse_only'],False,sparse_only,0.44513023,0.66911995,sparse_only,sparse_only,0.5589073,0.4483604,sparse_only,True,True
fresh,invoice,exact_lookup,1,Find invoice INV-2026-048291,sparse_only,['sparse_only'],False,sparse_only,0.46328598,0.6276064,sparse_only,sparse_only,0.53194726,0.43956605,sparse_only,True,True
fresh,invoice,exact_lookup,2,Retrieve the invoice numbered INV-2026-048291,sparse_only,['sparse_only'],False,sparse_only,0.5003762,0.62085354,sparse_only,sparse_only,0.58767813,0.38238516,sparse_only,True,True
format,invoice,exact_lookup,padding,   invoice INV-2026-048291   ,sparse_only,['sparse_only'],False,sparse_only,0.44513023,0.66911995,sparse_only,sparse_only,0.5589073,0.4483604,sparse_only,True,True
format,invoice,exact_lookup,spacing,invoice  INV-2026-048291,sparse_only,['sparse_only'],False,sparse_only,0.44513023,0.66911995,sparse_only,sparse_only,0.5589073,0.4483604,sparse_only,True,True
format,invoice,exact_lookup,upper,INVOICE INV-2026-048291,sparse_only,['sparse_only'],False,sparse_only,0.44513017,0.66911995,sparse_only,sparse_only,0.55890715,0.44836032,sparse_only,True,True
format,invoice,exact_lookup,lower,invoice inv-2026-048291,sparse_only,['sparse_only'],False,sparse_only,0.44513023,0.66911995,sparse_only,sparse_only,0.5589073,0.4483604,sparse_only,True,True
fresh,part,exact_lookup,0,part STM32F407VGT6,sparse_only,['sparse_only'],False,sparse_only,0.51226,0.6969144,sparse_only,pure_rrf,0.52062523,0.5342128,sparse_only,True,False
fresh,part,exact_lookup,1,Find the part STM32F407VGT6,sparse_only,['sparse_only'],False,sparse_only,0.43166658,0.7747099,sparse_only,sparse_only,0.40556076,0.7105789,sparse_only,True,True
fresh,part,exact_lookup,2,Look up part number STM32F407VGT6,sparse_only,['sparse_only'],False,sparse_only,0.3580727,0.7328225,sparse_only,sparse_only,0.35465956,0.727427,sparse_only,True,True
format,part,exact_lookup,padding,   part STM32F407VGT6   ,sparse_only,['sparse_only'],False,sparse_only,0.51226,0.6969144,sparse_only,pure_rrf,0.52062523,0.5342128,sparse_only,True,False
format,part,exact_lookup,spacing,part  STM32F407VGT6,sparse_only,['sparse_only'],False,sparse_only,0.51226,0.6969144,sparse_only,pure_rrf,0.52062523,0.5342128,sparse_only,True,False
format,part,exact_lookup,upper,PART STM32F407VGT6,sparse_only,['sparse_only'],False,sparse_only,0.51226,0.6969144,sparse_only,pure_rrf,0.52062523,0.5342128,sparse_only,True,False
format,part,exact_lookup,lower,part stm32f407vgt6,sparse_only,['sparse_only'],False,sparse_only,0.51226,0.6969144,sparse_only,pure_rrf,0.52062523,0.5342128,sparse_only,True,False
fresh,rfc,exact_lookup,0,RFC 9110,sparse_only,['sparse_only'],False,sparse_only,0.6281055,0.48629206,sparse_only,sparse_only,0.6100418,0.3118975,sparse_only,True,True
fresh,rfc,exact_lookup,1,Find RFC 9110,sparse_only,['sparse_only'],False,sparse_only,0.6105098,0.45744345,sparse_only,sparse_only,0.5995293,0.31798637,sparse_only,True,True
fresh,rfc,exact_lookup,2,Look up the document RFC 9110,sparse_only,['sparse_only'],False,sparse_only,0.6747793,0.5038798,sparse_only,pure_rrf,0.5855018,0.5611872,sparse_only,True,False
format,rfc,exact_lookup,padding,   RFC 9110   ,sparse_only,['sparse_only'],False,sparse_only,0.6281055,0.48629206,sparse_only,sparse_only,0.6100418,0.3118975,sparse_only,True,True
format,rfc,exact_lookup,spacing,RFC  9110,sparse_only,['sparse_only'],False,sparse_only,0.6281055,0.48629206,sparse_only,sparse_only,0.6100418,0.3118975,sparse_only,True,True
format,rfc,exact_lookup,upper,RFC 9110,sparse_only,['sparse_only'],False,sparse_only,0.6281055,0.48629206,sparse_only,sparse_only,0.6100418,0.3118975,sparse_only,True,True
format,rfc,exact_lookup,lower,rfc 9110,sparse_only,['sparse_only'],False,sparse_only,0.6281055,0.48629206,sparse_only,sparse_only,0.6100418,0.3118975,sparse_only,True,True
fresh,commit,exact_lookup,0,commit 7f4c9a2e6b18d035,sparse_only,['sparse_only'],False,pure_rrf,0.484044,0.48791015,sparse_only,pure_rrf,0.4990731,0.45903015,sparse_only,False,False
fresh,commit,exact_lookup,1,Find commit 7f4c9a2e6b18d035,sparse_only,['sparse_only'],False,sparse_only,0.41533512,0.50138265,sparse_only,pure_rrf,0.4685633,0.47236758,sparse_only,True,False
fresh,commit,exact_lookup,2,Look up git commit 7f4c9a2e6b18d035,sparse_only,['sparse_only'],False,sparse_only,0.36494988,0.57229155,sparse_only,pure_rrf,0.46338367,0.5144697,sparse_only,True,False
format,commit,exact_lookup,padding,   commit 7f4c9a2e6b18d035   ,sparse_only,['sparse_only'],False,pure_rrf,0.484044,0.48791015,sparse_only,pure_rrf,0.4990731,0.45903015,sparse_only,False,False
format,commit,exact_lookup,spacing,commit  7f4c9a2e6b18d035,sparse_only,['sparse_only'],False,pure_rrf,0.484044,0.48791015,sparse_only,pure_rrf,0.4990731,0.45903015,sparse_only,False,False
format,commit,exact_lookup,upper,COMMIT 7F4C9A2E6B18D035,sparse_only,['sparse_only'],False,pure_rrf,0.484044,0.48791015,sparse_only,pure_rrf,0.4990731,0.45903015,sparse_only,False,False
format,commit,exact_lookup,lower,commit 7f4c9a2e6b18d035,sparse_only,['sparse_only'],False,pure_rrf,0.484044,0.48791015,sparse_only,pure_rrf,0.4990731,0.45903015,sparse_only,False,False
fresh,quote,exact_lookup,0,"""All happy families are alike""",sparse_only,['sparse_only'],False,sparse_only,0.46657428,0.59961057,sparse_only,sparse_only,0.31747568,0.59825355,sparse_only,True,True
fresh,quote,exact_lookup,1,"Find the exact phrase ""All happy families are alike""",sparse_only,['sparse_only'],False,dense_only,0.3304876,0.6779114,dense_only,sparse_only,0.33498803,0.6324504,sparse_only,False,True
fresh,quote,exact_lookup,2,"Search for the quotation ""All happy families are alike""",sparse_only,['sparse_only'],False,sparse_only,0.46384197,0.5350189,sparse_only,sparse_only,0.37133673,0.6425735,sparse_only,True,True
format,quote,exact_lookup,padding,"   ""All happy families are alike""   ",sparse_only,['sparse_only'],False,sparse_only,0.46657428,0.59961057,sparse_only,sparse_only,0.31747568,0.59825355,sparse_only,True,True
format,quote,exact_lookup,spacing,"""All  happy  families  are  alike""",sparse_only,['sparse_only'],False,sparse_only,0.46657428,0.59961057,sparse_only,sparse_only,0.31747568,0.59825355,sparse_only,True,True
format,quote,exact_lookup,upper,"""ALL HAPPY FAMILIES ARE ALIKE""",sparse_only,['sparse_only'],False,sparse_only,0.46657428,0.59961057,sparse_only,sparse_only,0.31747568,0.59825355,sparse_only,True,True
format,quote,exact_lookup,lower,"""all happy families are alike""",sparse_only,['sparse_only'],False,sparse_only,0.46657428,0.59961057,sparse_only,sparse_only,0.31747568,0.59825355,sparse_only,True,True
fresh,file,exact_lookup,0,nginx.conf,sparse_only,['sparse_only'],False,sparse_only,0.38057545,0.57509756,sparse_only,dense_only,0.27994788,0.6628466,dense_only,True,False
fresh,file,exact_lookup,1,Find the file nginx.conf,sparse_only,['sparse_only'],False,sparse_only,0.43663576,0.61805695,sparse_only,sparse_only,0.3751527,0.64318454,sparse_only,True,True
fresh,file,exact_lookup,2,Locate the file named nginx.conf,sparse_only,['sparse_only'],False,sparse_only,0.4204204,0.6155005,sparse_only,sparse_only,0.43527475,0.61484444,sparse_only,True,True
format,file,exact_lookup,padding,   nginx.conf   ,sparse_only,['sparse_only'],False,sparse_only,0.38057545,0.57509756,sparse_only,dense_only,0.27994788,0.6628466,dense_only,True,False
format,file,exact_lookup,spacing,nginx.conf,sparse_only,['sparse_only'],False,sparse_only,0.38057545,0.57509756,sparse_only,dense_only,0.27994788,0.6628466,dense_only,True,False
format,file,exact_lookup,upper,NGINX.CONF,sparse_only,['sparse_only'],False,sparse_only,0.38057545,0.57509756,sparse_only,dense_only,0.27994788,0.6628466,dense_only,True,False
format,file,exact_lookup,lower,nginx.conf,sparse_only,['sparse_only'],False,sparse_only,0.38057545,0.57509756,sparse_only,dense_only,0.27994788,0.6628466,dense_only,True,False
fresh,ticket,exact_lookup,0,ticket PROJ-18472,sparse_only,['sparse_only'],False,pure_rrf,0.5590871,0.52963406,sparse_only,sparse_only,0.65575564,0.5268512,sparse_only,False,True
fresh,ticket,exact_lookup,1,Find support ticket PROJ-18472,sparse_only,['sparse_only'],False,sparse_only,0.38592753,0.58484393,sparse_only,sparse_only,0.5424292,0.4559036,sparse_only,True,True
fresh,ticket,exact_lookup,2,Look up ticket number PROJ-18472,sparse_only,['sparse_only'],False,sparse_only,0.48242524,0.6447098,sparse_only,sparse_only,0.69757223,0.53897357,sparse_only,True,True
format,ticket,exact_lookup,padding,   ticket PROJ-18472   ,sparse_only,['sparse_only'],False,pure_rrf,0.5590871,0.52963406,sparse_only,sparse_only,0.65575564,0.5268512,sparse_only,False,True
format,ticket,exact_lookup,spacing,ticket  PROJ-18472,sparse_only,['sparse_only'],False,pure_rrf,0.5590871,0.52963406,sparse_only,sparse_only,0.65575564,0.5268512,sparse_only,False,True
format,ticket,exact_lookup,upper,TICKET PROJ-18472,sparse_only,['sparse_only'],False,pure_rrf,0.5590871,0.52963406,sparse_only,sparse_only,0.65575564,0.5268512,sparse_only,False,True
format,ticket,exact_lookup,lower,ticket proj-18472,sparse_only,['sparse_only'],False,pure_rrf,0.5590871,0.52963406,sparse_only,sparse_only,0.65575564,0.5268512,sparse_only,False,True
fresh,postgres,identifier_in_prose,0,why does postgres report SQLSTATE 23505,sparse_only,"['sparse_only', 'pure_rrf']",False,sparse_only,0.3958506,0.6261898,sparse_only,sparse_only,0.41082123,0.5126055,sparse_only,True,True
fresh,postgres,identifier_in_prose,1,How do I resolve PostgreSQL error SQLSTATE 23505?,sparse_only,"['sparse_only', 'pure_rrf']",False,sparse_only,0.3699541,0.71110743,sparse_only,sparse_only,0.40028265,0.6160859,sparse_only,True,True
fresh,postgres,identifier_in_prose,2,What causes a PostgreSQL insert to fail with SQLSTATE 23505?,sparse_only,"['sparse_only', 'pure_rrf']",False,pure_rrf,0.5344919,0.49030668,sparse_only,pure_rrf,0.5051037,0.55787057,sparse_only,True,True
format,postgres,identifier_in_prose,padding,   why does postgres report SQLSTATE 23505   ,sparse_only,"['sparse_only', 'pure_rrf']",False,sparse_only,0.3958506,0.6261898,sparse_only,sparse_only,0.41082123,0.5126055,sparse_only,True,True
format,postgres,identifier_in_prose,spacing,why  does  postgres  report  SQLSTATE  23505,sparse_only,"['sparse_only', 'pure_rrf']",False,sparse_only,0.3958506,0.6261898,sparse_only,sparse_only,0.41082123,0.5126055,sparse_only,True,True
format,postgres,identifier_in_prose,upper,WHY DOES POSTGRES REPORT SQLSTATE 23505,sparse_only,"['sparse_only', 'pure_rrf']",False,sparse_only,0.3958506,0.6261898,sparse_only,sparse_only,0.41082123,0.5126055,sparse_only,True,True
format,postgres,identifier_in_prose,lower,why does postgres report sqlstate 23505,sparse_only,"['sparse_only', 'pure_rrf']",False,sparse_only,0.3958506,0.6261898,sparse_only,sparse_only,0.41082123,0.5126055,sparse_only,True,True
fresh,python_error,identifier_in_prose,0,how to fix ModuleNotFoundError: No module named 'requests',sparse_only,"['sparse_only', 'pure_rrf']",False,sparse_only,0.39335316,0.62773305,sparse_only,sparse_only,0.48754406,0.595083,sparse_only,True,True
fresh,python_error,identifier_in_prose,1,Why do I get ModuleNotFoundError: No module named 'requests'?,sparse_only,"['sparse_only', 'pure_rrf']",False,sparse_only,0.36433175,0.67419344,sparse_only,sparse_only,0.45172542,0.6993698,sparse_only,True,True
fresh,python_error,identifier_in_prose,2,Help me resolve ModuleNotFoundError: No module named 'requests',sparse_only,"['sparse_only', 'pure_rrf']",False,sparse_only,0.42439747,0.60958487,sparse_only,pure_rrf,0.5548909,0.5653196,sparse_only,True,True
format,python_error,identifier_in_prose,padding,   how to fix ModuleNotFoundError: No module named 'requests'   ,sparse_only,"['sparse_only', 'pure_rrf']",False,sparse_only,0.39335316,0.62773305,sparse_only,sparse_only,0.48754406,0.595083,sparse_only,True,True
format,python_error,identifier_in_prose,spacing,how  to  fix  ModuleNotFoundError:  No  module  named  'requests',sparse_only,"['sparse_only', 'pure_rrf']",False,sparse_only,0.39335316,0.62773305,sparse_only,sparse_only,0.48754406,0.595083,sparse_only,True,True
format,python_error,identifier_in_prose,upper,HOW TO FIX MODULENOTFOUNDERROR: NO MODULE NAMED 'REQUESTS',sparse_only,"['sparse_only', 'pure_rrf']",False,sparse_only,0.39335316,0.62773305,sparse_only,sparse_only,0.48754406,0.595083,sparse_only,True,True
format,python_error,identifier_in_prose,lower,how to fix modulenotfounderror: no module named 'requests',sparse_only,"['sparse_only', 'pure_rrf']",False,sparse_only,0.39335316,0.62773305,sparse_only,sparse_only,0.48754406,0.595083,sparse_only,True,True
fresh,kube,identifier_in_prose,0,why is my pod stuck in ImagePullBackOff,sparse_only,"['sparse_only', 'pure_rrf']",False,sparse_only,0.38082626,0.6352236,sparse_only,sparse_only,0.44870508,0.6644961,sparse_only,True,True
fresh,kube,identifier_in_prose,1,How do I fix a Kubernetes pod showing ImagePullBackOff?,sparse_only,"['sparse_only', 'pure_rrf']",False,dense_only,0.34910905,0.7121506,dense_only,sparse_only,0.34812188,0.69807106,sparse_only,False,True
fresh,kube,identifier_in_prose,2,What causes the ImagePullBackOff status in Kubernetes?,sparse_only,"['sparse_only', 'pure_rrf']",False,sparse_only,0.45377392,0.5947452,sparse_only,sparse_only,0.47955313,0.577656,sparse_only,True,True
format,kube,identifier_in_prose,padding,   why is my pod stuck in ImagePullBackOff   ,sparse_only,"['sparse_only', 'pure_rrf']",False,sparse_only,0.38082626,0.6352236,sparse_only,sparse_only,0.44870508,0.6644961,sparse_only,True,True
format,kube,identifier_in_prose,spacing,why  is  my  pod  stuck  in  ImagePullBackOff,sparse_only,"['sparse_only', 'pure_rrf']",False,sparse_only,0.38082626,0.6352236,sparse_only,sparse_only,0.44870508,0.6644961,sparse_only,True,True
format,kube,identifier_in_prose,upper,WHY IS MY POD STUCK IN IMAGEPULLBACKOFF,sparse_only,"['sparse_only', 'pure_rrf']",False,sparse_only,0.38082623,0.63522375,sparse_only,sparse_only,0.4487052,0.6644961,sparse_only,True,True
format,kube,identifier_in_prose,lower,why is my pod stuck in imagepullbackoff,sparse_only,"['sparse_only', 'pure_rrf']",False,sparse_only,0.38082623,0.63522375,sparse_only,sparse_only,0.4487052,0.6644961,sparse_only,True,True
fresh,windows,identifier_in_prose,0,how to fix Windows update error 0x80070005,sparse_only,"['sparse_only', 'pure_rrf']",False,sparse_only,0.41331834,0.6723934,sparse_only,sparse_only,0.52045906,0.6947527,sparse_only,True,True
fresh,windows,identifier_in_prose,1,Why does Windows Update fail with 0x80070005?,sparse_only,"['sparse_only', 'pure_rrf']",False,sparse_only,0.40497705,0.56198066,sparse_only,sparse_only,0.46124443,0.6924577,sparse_only,True,True
fresh,windows,identifier_in_prose,2,What can I do about Windows Update error 0x80070005?,sparse_only,"['sparse_only', 'pure_rrf']",False,sparse_only,0.37427053,0.63216656,sparse_only,sparse_only,0.55229604,0.70980406,sparse_only,True,True
format,windows,identifier_in_prose,padding,   how to fix Windows update error 0x80070005   ,sparse_only,"['sparse_only', 'pure_rrf']",False,sparse_only,0.41331834,0.6723934,sparse_only,sparse_only,0.52045906,0.6947527,sparse_only,True,True
format,windows,identifier_in_prose,spacing,how  to  fix  Windows  update  error  0x80070005,sparse_only,"['sparse_only', 'pure_rrf']",False,sparse_only,0.41331834,0.6723934,sparse_only,sparse_only,0.52045906,0.6947527,sparse_only,True,True
format,windows,identifier_in_prose,upper,HOW TO FIX WINDOWS UPDATE ERROR 0X80070005,sparse_only,"['sparse_only', 'pure_rrf']",False,sparse_only,0.41331834,0.6723934,sparse_only,sparse_only,0.52045906,0.6947527,sparse_only,True,True
format,windows,identifier_in_prose,lower,how to fix windows update error 0x80070005,sparse_only,"['sparse_only', 'pure_rrf']",False,sparse_only,0.41331834,0.6723934,sparse_only,sparse_only,0.52045906,0.6947527,sparse_only,True,True
fresh,oracle,identifier_in_prose,0,why does my query return ORA-00904,sparse_only,"['sparse_only', 'pure_rrf']",False,sparse_only,0.3844506,0.59419554,sparse_only,sparse_only,0.45793355,0.6120747,sparse_only,True,True
fresh,oracle,identifier_in_prose,1,How can I fix Oracle error ORA-00904?,sparse_only,"['sparse_only', 'pure_rrf']",False,sparse_only,0.46625707,0.63611966,sparse_only,sparse_only,0.5260063,0.6385021,sparse_only,True,True
fresh,oracle,identifier_in_prose,2,What causes an Oracle query to fail with ORA-00904?,sparse_only,"['sparse_only', 'pure_rrf']",False,sparse_only,0.6165473,0.43236855,sparse_only,sparse_only,0.59355336,0.5087628,sparse_only,True,True
format,oracle,identifier_in_prose,padding,   why does my query return ORA-00904   ,sparse_only,"['sparse_only', 'pure_rrf']",False,sparse_only,0.38445053,0.59419566,sparse_only,sparse_only,0.45793346,0.6120748,sparse_only,True,True
format,oracle,identifier_in_prose,spacing,why  does  my  query  return  ORA-00904,sparse_only,"['sparse_only', 'pure_rrf']",False,sparse_only,0.3844506,0.59419554,sparse_only,sparse_only,0.45793355,0.6120747,sparse_only,True,True
format,oracle,identifier_in_prose,upper,WHY DOES MY QUERY RETURN ORA-00904,sparse_only,"['sparse_only', 'pure_rrf']",False,sparse_only,0.3844506,0.59419554,sparse_only,sparse_only,0.45793355,0.6120747,sparse_only,True,True
format,oracle,identifier_in_prose,lower,why does my query return ora-00904,sparse_only,"['sparse_only', 'pure_rrf']",False,sparse_only,0.3844506,0.59419554,sparse_only,sparse_only,0.45793355,0.6120747,sparse_only,True,True
fresh,openssl,identifier_in_prose,0,how to fix SSL_ERROR_RX_RECORD_TOO_LONG,sparse_only,"['sparse_only', 'pure_rrf']",False,sparse_only,0.38646358,0.6554907,sparse_only,sparse_only,0.43882746,0.6843028,sparse_only,True,True
fresh,openssl,identifier_in_prose,1,Why does the browser show SSL_ERROR_RX_RECORD_TOO_LONG?,sparse_only,"['sparse_only', 'pure_rrf']",False,sparse_only,0.42479557,0.643098,sparse_only,sparse_only,0.477834,0.7005909,sparse_only,True,True
fresh,openssl,identifier_in_prose,2,What causes SSL_ERROR_RX_RECORD_TOO_LONG when opening a website?,sparse_only,"['sparse_only', 'pure_rrf']",False,sparse_only,0.45606074,0.65932953,sparse_only,sparse_only,0.4711075,0.6904596,sparse_only,True,True
format,openssl,identifier_in_prose,padding,   how to fix SSL_ERROR_RX_RECORD_TOO_LONG   ,sparse_only,"['sparse_only', 'pure_rrf']",False,sparse_only,0.38646358,0.6554907,sparse_only,sparse_only,0.43882746,0.6843028,sparse_only,True,True
format,openssl,identifier_in_prose,spacing,how  to  fix  SSL_ERROR_RX_RECORD_TOO_LONG,sparse_only,"['sparse_only', 'pure_rrf']",False,sparse_only,0.38646358,0.6554909,sparse_only,sparse_only,0.43882746,0.6843028,sparse_only,True,True
format,openssl,identifier_in_prose,upper,HOW TO FIX SSL_ERROR_RX_RECORD_TOO_LONG,sparse_only,"['sparse_only', 'pure_rrf']",False,sparse_only,0.38646358,0.6554907,sparse_only,sparse_only,0.43882746,0.6843028,sparse_only,True,True
format,openssl,identifier_in_prose,lower,how to fix ssl_error_rx_record_too_long,sparse_only,"['sparse_only', 'pure_rrf']",False,sparse_only,0.38646358,0.6554907,sparse_only,sparse_only,0.43882746,0.6843028,sparse_only,True,True
fresh,npm,identifier_in_prose,0,why does npm install fail with ERESOLVE,sparse_only,"['sparse_only', 'pure_rrf']",False,pure_rrf,0.5539381,0.5366515,sparse_only,sparse_only,0.6616064,0.543941,sparse_only,True,True
fresh,npm,identifier_in_prose,1,How do I fix npm error ERESOLVE?,sparse_only,"['sparse_only', 'pure_rrf']",False,sparse_only,0.55870825,0.7938848,sparse_only,sparse_only,0.5301039,0.6618467,sparse_only,True,True
fresh,npm,identifier_in_prose,2,What should I do when npm install reports ERESOLVE?,sparse_only,"['sparse_only', 'pure_rrf']",False,dense_only,0.34193778,0.69981885,dense_only,pure_rrf,0.5156308,0.5441173,sparse_only,False,True
format,npm,identifier_in_prose,padding,   why does npm install fail with ERESOLVE   ,sparse_only,"['sparse_only', 'pure_rrf']",False,pure_rrf,0.5539381,0.5366515,sparse_only,sparse_only,0.6616064,0.543941,sparse_only,True,True
format,npm,identifier_in_prose,spacing,why  does  npm  install  fail  with  ERESOLVE,sparse_only,"['sparse_only', 'pure_rrf']",False,pure_rrf,0.5539381,0.5366515,sparse_only,sparse_only,0.6616064,0.543941,sparse_only,True,True
format,npm,identifier_in_prose,upper,WHY DOES NPM INSTALL FAIL WITH ERESOLVE,sparse_only,"['sparse_only', 'pure_rrf']",False,pure_rrf,0.5539381,0.5366515,sparse_only,sparse_only,0.6616064,0.543941,sparse_only,True,True
format,npm,identifier_in_prose,lower,why does npm install fail with eresolve,sparse_only,"['sparse_only', 'pure_rrf']",False,pure_rrf,0.5539381,0.5366515,sparse_only,sparse_only,0.6616064,0.543941,sparse_only,True,True
fresh,vulnerability,identifier_in_prose,0,how to check whether my server is affected by CVE-2024-3094,sparse_only,"['sparse_only', 'pure_rrf']",False,sparse_only,0.40411952,0.60027224,sparse_only,sparse_only,0.37927112,0.70432425,sparse_only,True,True
fresh,vulnerability,identifier_in_prose,1,Is my server vulnerable to CVE-2024-3094?,sparse_only,"['sparse_only', 'pure_rrf']",False,sparse_only,0.43242812,0.7083856,sparse_only,sparse_only,0.38664165,0.73923403,sparse_only,True,True
fresh,vulnerability,identifier_in_prose,2,How can I tell if CVE-2024-3094 affects my server?,sparse_only,"['sparse_only', 'pure_rrf']",False,sparse_only,0.5079044,0.6405204,sparse_only,sparse_only,0.3997583,0.72535706,sparse_only,True,True
format,vulnerability,identifier_in_prose,padding,   how to check whether my server is affected by CVE-2024-3094   ,sparse_only,"['sparse_only', 'pure_rrf']",False,sparse_only,0.40411952,0.60027224,sparse_only,sparse_only,0.37927112,0.70432425,sparse_only,True,True
format,vulnerability,identifier_in_prose,spacing,how  to  check  whether  my  server  is  affected  by  CVE-2024-3094,sparse_only,"['sparse_only', 'pure_rrf']",False,sparse_only,0.40411952,0.60027224,sparse_only,sparse_only,0.37927112,0.70432425,sparse_only,True,True
format,vulnerability,identifier_in_prose,upper,HOW TO CHECK WHETHER MY SERVER IS AFFECTED BY CVE-2024-3094,sparse_only,"['sparse_only', 'pure_rrf']",False,sparse_only,0.40411952,0.60027224,sparse_only,sparse_only,0.37927112,0.70432425,sparse_only,True,True
format,vulnerability,identifier_in_prose,lower,how to check whether my server is affected by cve-2024-3094,sparse_only,"['sparse_only', 'pure_rrf']",False,sparse_only,0.40411952,0.60027224,sparse_only,sparse_only,0.37927112,0.70432425,sparse_only,True,True
fresh,python_api,identifier_in_prose,0,how does asyncio.gather handle exceptions,sparse_only,"['sparse_only', 'pure_rrf']",False,pure_rrf,0.49279767,0.5362898,sparse_only,sparse_only,0.4943843,0.6963966,sparse_only,True,True
fresh,python_api,identifier_in_prose,1,What happens when a task passed to asyncio.gather raises an exception?,sparse_only,"['sparse_only', 'pure_rrf']",False,sparse_only,0.4571051,0.5589037,sparse_only,sparse_only,0.449338,0.71917933,sparse_only,True,True
fresh,python_api,identifier_in_prose,2,Explain exception handling in asyncio.gather,sparse_only,"['sparse_only', 'pure_rrf']",False,pure_rrf,0.571049,0.5385637,sparse_only,sparse_only,0.530472,0.65030617,sparse_only,True,True
format,python_api,identifier_in_prose,padding,   how does asyncio.gather handle exceptions   ,sparse_only,"['sparse_only', 'pure_rrf']",False,pure_rrf,0.49279767,0.5362898,sparse_only,sparse_only,0.4943843,0.6963966,sparse_only,True,True
format,python_api,identifier_in_prose,spacing,how  does  asyncio.gather  handle  exceptions,sparse_only,"['sparse_only', 'pure_rrf']",False,pure_rrf,0.49279767,0.5362898,sparse_only,sparse_only,0.4943843,0.6963966,sparse_only,True,True
format,python_api,identifier_in_prose,upper,HOW DOES ASYNCIO.GATHER HANDLE EXCEPTIONS,sparse_only,"['sparse_only', 'pure_rrf']",False,pure_rrf,0.49279767,0.5362898,sparse_only,sparse_only,0.4943843,0.6963966,sparse_only,True,True
format,python_api,identifier_in_prose,lower,how does asyncio.gather handle exceptions,sparse_only,"['sparse_only', 'pure_rrf']",False,pure_rrf,0.49279767,0.5362898,sparse_only,sparse_only,0.4943843,0.6963966,sparse_only,True,True
fresh,docker,identifier_in_prose,0,why does docker fail with exec format error,sparse_only,"['sparse_only', 'pure_rrf']",False,sparse_only,0.43067157,0.56409717,sparse_only,sparse_only,0.35618505,0.73683834,sparse_only,True,True
fresh,docker,identifier_in_prose,1,How do I resolve the Docker message exec format error?,sparse_only,"['sparse_only', 'pure_rrf']",False,sparse_only,0.5388813,0.66058856,sparse_only,sparse_only,0.4236538,0.67548424,sparse_only,True,True
fresh,docker,identifier_in_prose,2,What causes exec format error when starting a Docker container?,sparse_only,"['sparse_only', 'pure_rrf']",False,sparse_only,0.44051763,0.67120665,sparse_only,sparse_only,0.3982597,0.7111549,sparse_only,True,True
format,docker,identifier_in_prose,padding,   why does docker fail with exec format error   ,sparse_only,"['sparse_only', 'pure_rrf']",False,sparse_only,0.43067157,0.56409717,sparse_only,sparse_only,0.35618505,0.73683834,sparse_only,True,True
format,docker,identifier_in_prose,spacing,why  does  docker  fail  with  exec  format  error,sparse_only,"['sparse_only', 'pure_rrf']",False,sparse_only,0.43067157,0.56409717,sparse_only,sparse_only,0.35618505,0.73683834,sparse_only,True,True
format,docker,identifier_in_prose,upper,WHY DOES DOCKER FAIL WITH EXEC FORMAT ERROR,sparse_only,"['sparse_only', 'pure_rrf']",False,sparse_only,0.43067157,0.56409717,sparse_only,sparse_only,0.35618505,0.73683834,sparse_only,True,True
format,docker,identifier_in_prose,lower,why does docker fail with exec format error,sparse_only,"['sparse_only', 'pure_rrf']",False,sparse_only,0.43067157,0.56409717,sparse_only,sparse_only,0.35618505,0.73683834,sparse_only,True,True
fresh,git_error,identifier_in_prose,0,how to fix fatal: refusing to merge unrelated histories,sparse_only,"['sparse_only', 'pure_rrf']",False,sparse_only,0.56826633,0.48867837,sparse_only,pure_rrf,0.47417584,0.53260386,sparse_only,True,True
fresh,git_error,identifier_in_prose,1,Why does git say fatal: refusing to merge unrelated histories?,sparse_only,"['sparse_only', 'pure_rrf']",False,pure_rrf,0.50036615,0.5258701,sparse_only,sparse_only,0.50569934,0.588837,sparse_only,True,True
fresh,git_error,identifier_in_prose,2,What can I do when Git reports fatal: refusing to merge unrelated histories?,sparse_only,"['sparse_only', 'pure_rrf']",False,pure_rrf,0.5302221,0.55839616,sparse_only,sparse_only,0.45848367,0.57944155,sparse_only,True,True
format,git_error,identifier_in_prose,padding,   how to fix fatal: refusing to merge unrelated histories   ,sparse_only,"['sparse_only', 'pure_rrf']",False,sparse_only,0.56826633,0.48867837,sparse_only,pure_rrf,0.47417584,0.53260386,sparse_only,True,True
format,git_error,identifier_in_prose,spacing,how  to  fix  fatal:  refusing  to  merge  unrelated  histories,sparse_only,"['sparse_only', 'pure_rrf']",False,sparse_only,0.56826633,0.48867837,sparse_only,pure_rrf,0.47417584,0.53260386,sparse_only,True,True
format,git_error,identifier_in_prose,upper,HOW TO FIX FATAL: REFUSING TO MERGE UNRELATED HISTORIES,sparse_only,"['sparse_only', 'pure_rrf']",False,sparse_only,0.56826633,0.48867837,sparse_only,pure_rrf,0.47417584,0.53260386,sparse_only,True,True
format,git_error,identifier_in_prose,lower,how to fix fatal: refusing to merge unrelated histories,sparse_only,"['sparse_only', 'pure_rrf']",False,sparse_only,0.56826633,0.48867837,sparse_only,pure_rrf,0.47417584,0.53260386,sparse_only,True,True
fresh,mongodb,identifier_in_prose,0,how to fix MongoDB E11000 duplicate key error,sparse_only,"['sparse_only', 'pure_rrf']",False,sparse_only,0.511897,0.70789474,sparse_only,sparse_only,0.5208816,0.6570588,sparse_only,True,True
fresh,mongodb,identifier_in_prose,1,Why does MongoDB return E11000 duplicate key error?,sparse_only,"['sparse_only', 'pure_rrf']",False,sparse_only,0.45773593,0.72032213,sparse_only,sparse_only,0.57715994,0.73381263,sparse_only,True,True
fresh,mongodb,identifier_in_prose,2,What causes an insert to fail with MongoDB E11000 duplicate key error?,sparse_only,"['sparse_only', 'pure_rrf']",False,sparse_only,0.69739276,0.53313136,sparse_only,sparse_only,0.68661326,0.5567776,sparse_only,True,True
format,mongodb,identifier_in_prose,padding,   how to fix MongoDB E11000 duplicate key error   ,sparse_only,"['sparse_only', 'pure_rrf']",False,sparse_only,0.511897,0.70789474,sparse_only,sparse_only,0.5208816,0.6570588,sparse_only,True,True
format,mongodb,identifier_in_prose,spacing,how  to  fix  MongoDB  E11000  duplicate  key  error,sparse_only,"['sparse_only', 'pure_rrf']",False,sparse_only,0.511897,0.70789474,sparse_only,sparse_only,0.5208816,0.6570588,sparse_only,True,True
format,mongodb,identifier_in_prose,upper,HOW TO FIX MONGODB E11000 DUPLICATE KEY ERROR,sparse_only,"['sparse_only', 'pure_rrf']",False,sparse_only,0.511897,0.70789474,sparse_only,sparse_only,0.5208816,0.6570588,sparse_only,True,True
format,mongodb,identifier_in_prose,lower,how to fix mongodb e11000 duplicate key error,sparse_only,"['sparse_only', 'pure_rrf']",False,sparse_only,0.511897,0.70789474,sparse_only,sparse_only,0.5208816,0.6570588,sparse_only,True,True
user_original,0,user_original,0,Who likes Curling?,sparse_only,['sparse_only'],True,sparse_only,0.9969338,0.007245217,sparse_only,sparse_only,0.97088706,0.0071441014,sparse_only,True,True
user_original,1,user_original,0,what are the side effects of DHA,sparse_only,['sparse_only'],False,dense_only,0.3475192,0.7988734,dense_only,sparse_only,0.32926008,0.84064734,sparse_only,False,True
user_original,2,user_original,0,CVE-2021-44228 log4j,pure_rrf,['pure_rrf'],False,dense_only,0.33367234,0.6617086,dense_only,pure_rrf,0.49323145,0.45350397,sparse_only,False,True
user_original,3,user_original,0,http://localhost.com,sparse_only,['sparse_only'],False,sparse_only,0.3539287,0.66990465,sparse_only,sparse_only,0.36869538,0.5757508,sparse_only,True,True
user_original,4,user_original,0,why do cats purr,dense_only,['dense_only'],True,sparse_only,0.3748064,0.8329674,sparse_only,dense_only,0.49683806,0.8570635,dense_only,False,True
user_extension,curling,user_extension,0,Who enjoys curling?,sparse_only,['sparse_only'],False,sparse_only,0.9456126,0.098029144,sparse_only,sparse_only,0.84899426,0.13289128,sparse_only,True,True
user_extension,curling,user_extension,1,Who is interested in curling?,sparse_only,['sparse_only'],False,sparse_only,0.82646227,0.24540834,sparse_only,pure_rrf,0.60281,0.54588073,sparse_only,True,False
user_extension,curling,user_extension,2,Which people like curling?,sparse_only,['sparse_only'],False,sparse_only,0.91909635,0.11774524,sparse_only,sparse_only,0.6074183,0.21093164,sparse_only,True,True
user_extension,curling,user_extension,3,Who likes swimming?,sparse_only,['sparse_only'],False,sparse_only,0.965125,0.023595488,sparse_only,sparse_only,0.89631647,0.014115384,sparse_only,True,True
user_extension,curling,user_extension,4,Who likes pottery?,sparse_only,['sparse_only'],False,sparse_only,0.9959341,0.00603919,sparse_only,sparse_only,0.966344,0.0063899136,sparse_only,True,True
user_extension,dha,user_extension,0,What side effects can DHA cause?,sparse_only,['sparse_only'],False,sparse_only,0.39008486,0.7353201,sparse_only,sparse_only,0.381183,0.714037,sparse_only,True,True
user_extension,dha,user_extension,1,Does DHA have side effects?,sparse_only,['sparse_only'],False,sparse_only,0.3646015,0.74583596,sparse_only,sparse_only,0.37072244,0.7625645,sparse_only,True,True
user_extension,dha,user_extension,2,Are there any side effects of taking DHA?,sparse_only,['sparse_only'],False,dense_only,0.3498649,0.7460408,dense_only,sparse_only,0.3238363,0.78969955,sparse_only,False,True
user_extension,dha,user_extension,3,side effects of DHA,sparse_only,['sparse_only'],False,sparse_only,0.47969666,0.63594216,sparse_only,sparse_only,0.42213196,0.736537,sparse_only,True,True
user_extension,dha,user_extension,4,What are the side effects of docosahexaenoic acid?,sparse_only,['sparse_only'],False,dense_only,0.48660403,0.9107196,dense_only,dense_only,0.37037575,0.93390936,dense_only,False,False
user_extension,log4j,user_extension,0,Log4j CVE-2021-44228,pure_rrf,['pure_rrf'],False,sparse_only,0.35022995,0.66322273,sparse_only,pure_rrf,0.5014909,0.45278132,sparse_only,False,True
user_extension,log4j,user_extension,1,Information about CVE-2021-44228 in log4j,pure_rrf,['pure_rrf'],False,dense_only,0.34524286,0.6356025,dense_only,sparse_only,0.42547315,0.50782406,sparse_only,False,False
user_extension,log4j,user_extension,2,Find CVE-2021-44228 log4j,pure_rrf,['pure_rrf'],False,dense_only,0.3324964,0.6358159,dense_only,pure_rrf,0.49160084,0.4454549,sparse_only,False,True
user_extension,log4j,user_extension,3,CVE-2021-44228 log4j remote code execution,pure_rrf,['pure_rrf'],False,sparse_only,0.38334337,0.68168265,sparse_only,pure_rrf,0.5242173,0.4827251,sparse_only,False,True
user_extension,log4j,user_extension,4,What is CVE-2021-44228 in Log4j?,pure_rrf,['pure_rrf'],False,sparse_only,0.35413605,0.6736474,sparse_only,sparse_only,0.45999944,0.62586075,sparse_only,False,False
user_extension,localhost,user_extension,0,http://localhost.com/,sparse_only,['sparse_only'],False,sparse_only,0.3598695,0.64701897,sparse_only,sparse_only,0.37248144,0.5510405,sparse_only,True,True
user_extension,localhost,user_extension,1,https://localhost.com,sparse_only,['sparse_only'],False,dense_only,0.3328758,0.7004297,dense_only,sparse_only,0.35923755,0.57842886,sparse_only,False,True
user_extension,localhost,user_extension,2,Find http://localhost.com,sparse_only,['sparse_only'],False,dense_only,0.31271037,0.66562647,dense_only,sparse_only,0.3556273,0.5968314,sparse_only,False,True
user_extension,localhost,user_extension,3,Open the page http://localhost.com,sparse_only,['sparse_only'],False,dense_only,0.30879772,0.7106758,dense_only,sparse_only,0.37102017,0.7691631,sparse_only,False,True
user_extension,localhost,user_extension,4,localhost.com,sparse_only,['sparse_only'],False,dense_only,0.32597345,0.6958738,dense_only,sparse_only,0.38096863,0.53512317,sparse_only,False,True
user_extension,cats,user_extension,0,Why does a cat purr?,dense_only,['dense_only'],False,sparse_only,0.42330354,0.8472823,sparse_only,dense_only,0.5283628,0.8991248,dense_only,False,True
user_extension,cats,user_extension,1,What causes cats to purr?,dense_only,['dense_only'],False,dense_only,0.32930976,0.70212597,dense_only,sparse_only,0.44243726,0.7872489,sparse_only,True,False
user_extension,cats,user_extension,2,Why do cats make a purring sound?,dense_only,['dense_only'],False,sparse_only,0.4871698,0.86241615,sparse_only,dense_only,0.50126064,0.87881243,dense_only,False,True
user_extension,cats,user_extension,3,Explain why cats purr,dense_only,['dense_only'],False,sparse_only,0.39740705,0.7408204,sparse_only,sparse_only,0.53577256,0.81808335,sparse_only,False,False
user_extension,cats,user_extension,4,why cats purr,dense_only,['dense_only'],False,sparse_only,0.37844974,0.8149424,sparse_only,dense_only,0.57530886,0.87252825,dense_only,False,True
